"score","protein1","protein2","residue1","residue2"
13.069350360610821,"sp|P08518|Rpb2","sp|P08518|Rpb2","218","228"
12.798839558157315,"sp|P08518|Rpb2","sp|P08518|Rpb2","218","228"
12.577504252563099,"sp|P08518|Rpb2","sp|P08518|Rpb2","228","507"
12.348759843381625,"sp|P08518|Rpb2","sp|P08518|Rpb2","228","507"
11.880715864647946,"sp|P08518|Rpb2","sp|P08518|Rpb2","228","507"
11.661680686501224,"sp|P08518|Rpb2","sp|P08518|Rpb2","228","507"
11.528682657406858,"sp|P08518|Rpb2","sp|P08518|Rpb2","228","507"
10.49032146881327,"sp|P08518|Rpb2","sp|P08518|Rpb2","228","507"
10.312347585831086,"sp|P08518|Rpb2","sp|P08518|Rpb2","228","507"
9.145134028909627,"sp|P08518|Rpb2","sp|P08518|Rpb2","228","507"
8.561262414036893,"sp|P08518|Rpb2","sp|P08518|Rpb2","228","507"
8.156446215559573,"sp|P08518|Rpb2","sp|P08518|Rpb2","228","507"
12.062531084719971,"sp|P08518|Rpb2","sp|P08518|Rpb2","987","1102"
11.907376798659191,"sp|P08518|Rpb2","sp|P08518|Rpb2","987","1102"
11.772999640400446,"sp|P08518|Rpb2","sp|P08518|Rpb2","987","1102"
11.631919735820798,"sp|P08518|Rpb2","sp|P08518|Rpb2","987","1102"
11.039026075479807,"sp|P08518|Rpb2","sp|P08518|Rpb2","987","1102"
10.69741294835168,"sp|P08518|Rpb2","sp|P08518|Rpb2","987","1102"
9.889191311530213,"sp|P08518|Rpb2","sp|P08518|Rpb2","987","1102"
9.771628973352046,"sp|P08518|Rpb2","sp|P08518|Rpb2","987","1102"
9.589688753522461,"sp|P08518|Rpb2","sp|P08518|Rpb2","987","1102"
8.623251481912565,"sp|P08518|Rpb2","sp|P08518|Rpb2","987","1102"
8.610353974610067,"sp|P08518|Rpb2","sp|P08518|Rpb2","987","1102"
8.487049905213347,"sp|P08518|Rpb2","sp|P08518|Rpb2","987","1102"
7.991762787774993,"sp|P08518|Rpb2","sp|P08518|Rpb2","987","1102"
7.8602130615336225,"sp|P08518|Rpb2","sp|P08518|Rpb2","987","1102"
7.821906894180735,"sp|P08518|Rpb2","sp|P08518|Rpb2","987","1102"
7.220256955688323,"sp|P08518|Rpb2","sp|P08518|Rpb2","987","1102"
7.097314441805393,"sp|P08518|Rpb2","sp|P08518|Rpb2","987","1102"
11.918719860233015,"sp|P08518|Rpb2","sp|P08518|Rpb2","228","257"
11.47895647807994,"sp|P08518|Rpb2","sp|P08518|Rpb2","228","257"
11.352591654670317,"sp|P08518|Rpb2","sp|P08518|Rpb2","228","257"
10.166544776962727,"sp|P08518|Rpb2","sp|P08518|Rpb2","228","257"
9.552068026837508,"sp|P08518|Rpb2","sp|P08518|Rpb2","228","257"
9.05535093384983,"sp|P08518|Rpb2","sp|P08518|Rpb2","228","257"
8.664972815687019,"sp|P08518|Rpb2","sp|P08518|Rpb2","228","257"
8.498110228184304,"sp|P08518|Rpb2","sp|P08518|Rpb2","228","257"
7.922663225324117,"sp|P08518|Rpb2","sp|P08518|Rpb2","228","257"
7.848937217286074,"sp|P08518|Rpb2","sp|P08518|Rpb2","228","257"
7.661035489288464,"sp|P08518|Rpb2","sp|P08518|Rpb2","228","257"
7.611784626504338,"sp|P08518|Rpb2","sp|P08518|Rpb2","228","257"
7.588031918505924,"sp|P08518|Rpb2","sp|P08518|Rpb2","228","257"
6.951625853204021,"sp|P08518|Rpb2","sp|P08518|Rpb2","228","257"
6.859380025084287,"sp|P08518|Rpb2","sp|P08518|Rpb2","228","257"
11.542441202462948,"sp|P08518|Rpb2","sp|P08518|Rpb2","886","1102"
9.873557211478623,"sp|P08518|Rpb2","sp|P08518|Rpb2","886","1102"
9.27750295150062,"sp|P08518|Rpb2","sp|P08518|Rpb2","886","1102"
11.437862427450133,"sp|P08518|Rpb2","sp|P08518|Rpb2","488","1102"
11.289965003055048,"sp|P08518|Rpb2","sp|P08518|Rpb2","775","987"
9.570198803553485,"sp|P08518|Rpb2","sp|P08518|Rpb2","775","987"
9.116880843973528,"sp|P08518|Rpb2","sp|P08518|Rpb2","775","987"
11.166601813446212,"sp|P08518|Rpb2","sp|P08518|Rpb2","934","1102"
10.75727017097449,"sp|P08518|Rpb2","sp|P08518|Rpb2","426","471"
8.778528251507533,"sp|P08518|Rpb2","sp|P08518|Rpb2","426","471"
10.715416130635933,"sp|P08518|Rpb2","sp|P08518|Rpb2","979","1102"
10.390709430134004,"sp|P08518|Rpb2","sp|P08518|Rpb2","979","1102"
10.12826788818315,"sp|P08518|Rpb2","sp|P08518|Rpb2","979","1102"
8.737043294587526,"sp|P08518|Rpb2","sp|P08518|Rpb2","979","1102"
8.20431272173403,"sp|P08518|Rpb2","sp|P08518|Rpb2","979","1102"
7.962717421022804,"sp|P08518|Rpb2","sp|P08518|Rpb2","979","1102"
7.522003041235665,"sp|P08518|Rpb2","sp|P08518|Rpb2","979","1102"
7.1294341097731095,"sp|P08518|Rpb2","sp|P08518|Rpb2","979","1102"
7.066603084666198,"sp|P08518|Rpb2","sp|P08518|Rpb2","979","1102"
10.60996275231955,"sp|P08518|Rpb2","sp|P08518|Rpb2","246","471"
9.176947252403284,"sp|P08518|Rpb2","sp|P08518|Rpb2","246","471"
10.564673359169426,"sp|P08518|Rpb2","sp|P08518|Rpb2","864","934"
8.170581204015397,"sp|P08518|Rpb2","sp|P08518|Rpb2","864","934"
10.54732873793429,"sp|P08518|Rpb2","sp|P08518|Rpb2","775","1102"
9.580143008694872,"sp|P08518|Rpb2","sp|P08518|Rpb2","775","1102"
10.456823046542894,"sp|P08518|Rpb2","sp|P08518|Rpb2","87","148"
10.141186865933781,"sp|P08518|Rpb2","sp|P08518|Rpb2","87","148"
9.505954291985917,"sp|P08518|Rpb2","sp|P08518|Rpb2","87","148"
9.498402623553933,"sp|P08518|Rpb2","sp|P08518|Rpb2","87","148"
10.315706812786624,"sp|P08518|Rpb2","sp|P08518|Rpb2","246","423"
7.17090178570746,"sp|P08518|Rpb2","sp|P08518|Rpb2","246","423"
10.187998955496733,"sp|P08518|Rpb2","sp|P08518|Rpb2","775","989"
8.790991759554199,"sp|P08518|Rpb2","sp|P08518|Rpb2","775","989"
9.90869488294881,"sp|P08518|Rpb2","sp|P08518|Rpb2","246","426"
9.469259205023564,"sp|P08518|Rpb2","sp|P08518|Rpb2","246","426"
9.382707617100891,"sp|P08518|Rpb2","sp|P08518|Rpb2","246","426"
7.4716739661829905,"sp|P08518|Rpb2","sp|P08518|Rpb2","246","426"
9.565932481951766,"sp|P08518|Rpb2","sp|P08518|Rpb2","246","257"
9.456771055062926,"sp|P08518|Rpb2","sp|P08518|Rpb2","246","257"
9.546072517481626,"sp|P08518|Rpb2","sp|P08518|Rpb2","471","507"
9.413303091535248,"sp|P08518|Rpb2","sp|P08518|Rpb2","99","191"
9.372909675073,"sp|P08518|Rpb2","sp|P08518|Rpb2","227","507"
7.202445268762014,"sp|P08518|Rpb2","sp|P08518|Rpb2","227","507"
9.109318289072785,"sp|P08518|Rpb2","sp|P08518|Rpb2","490","1102"
6.89586159558459,"sp|P08518|Rpb2","sp|P08518|Rpb2","490","1102"
9.021797319505104,"sp|P08518|Rpb2","sp|P08518|Rpb2","257","507"
8.939914940455555,"sp|P08518|Rpb2","sp|P08518|Rpb2","507","1102"
8.907320536630534,"sp|P08518|Rpb2","sp|P08518|Rpb2","972","1102"
8.084076105552267,"sp|P08518|Rpb2","sp|P08518|Rpb2","972","1102"
6.626566873675813,"sp|P08518|Rpb2","sp|P08518|Rpb2","972","1102"
8.896206757826363,"sp|P08518|Rpb2","sp|P08518|Rpb2","486","775"
8.818380194382748,"sp|P08518|Rpb2","sp|P08518|Rpb2","246","358"
8.072024414519774,"sp|P08518|Rpb2","sp|P08518|Rpb2","246","358"
7.319486165752366,"sp|P08518|Rpb2","sp|P08518|Rpb2","246","358"
8.602573440912037,"sp|P08518|Rpb2","sp|P08518|Rpb2","228","270"
8.525403231104047,"sp|P08518|Rpb2","sp|P08518|Rpb2","246","425"
8.08551637081077,"sp|P08518|Rpb2","sp|P08518|Rpb2","358","426"
7.841223250351956,"sp|P08518|Rpb2","sp|P08518|Rpb2","876","886"
7.83581939428236,"sp|P08518|Rpb2","sp|P08518|Rpb2","982","1102"
7.754642270585049,"sp|P08518|Rpb2","sp|P08518|Rpb2","982","1102"
7.266687957134401,"sp|P08518|Rpb2","sp|P08518|Rpb2","982","1102"
7.395781119152652,"sp|P08518|Rpb2","sp|P08518|Rpb2","451","865"
7.1079679627936825,"sp|P08518|Rpb2","sp|P08518|Rpb2","246","422"
6.751697991961106,"sp|P08518|Rpb2","sp|P08518|Rpb2","344","351"
6.482951742698906,"sp|P08518|Rpb2","sp|P08518|Rpb2","228","510"
12.610319136340314,"sp|P41895|Tfg1","sp|P04050|Rpb1","416","1262"
11.943477357720138,"sp|P41895|Tfg1","sp|P04050|Rpb1","416","1262"
9.954896642349002,"sp|P41895|Tfg1","sp|P04050|Rpb1","416","1262"
9.931841047708133,"sp|P41895|Tfg1","sp|P04050|Rpb1","416","1262"
9.848925719776195,"sp|P41895|Tfg1","sp|P04050|Rpb1","416","1262"
10.209047227124284,"sp|P41895|Tfg1","sp|P04050|Rpb1","415","1262"
10.062667871776538,"sp|P41895|Tfg1","sp|P04050|Rpb1","426","1262"
8.65024659445912,"sp|P41895|Tfg1","sp|P04050|Rpb1","415","1266"
7.590781524495114,"sp|P41895|Tfg1","sp|P04050|Rpb1","416","186"
7.449562235147755,"sp|P41895|Tfg1","sp|P04050|Rpb1","614","49"
12.166441544806677,"sp|P04050|Rpb1","sp|P20435|Rpb6","1003","46"
8.960325401156783,"sp|P04050|Rpb1","sp|P20435|Rpb6","1003","76"
8.1529917781426,"sp|P04050|Rpb1","sp|P20435|Rpb6","129","46"
8.07630176962863,"sp|P04050|Rpb1","sp|P20435|Rpb6","15","72"
6.896832817501151,"sp|P04050|Rpb1","sp|P20435|Rpb6","15","72"
11.86190279430973,"sp|P04050|Rpb1","sp|P20434|Rpb5","1003","197"
11.149685636023168,"sp|P04050|Rpb1","sp|P20434|Rpb5","1003","197"
9.410373109963176,"sp|P04050|Rpb1","sp|P20434|Rpb5","1003","197"
10.112096782342173,"sp|P04050|Rpb1","sp|P20434|Rpb5","1350","201"
9.78501947290657,"sp|P04050|Rpb1","sp|P20434|Rpb5","1350","201"
9.93801766995133,"sp|P04050|Rpb1","sp|P20434|Rpb5","129","171"
9.869600282733227,"sp|P04050|Rpb1","sp|P20434|Rpb5","129","171"
8.910005282277451,"sp|P04050|Rpb1","sp|P20434|Rpb5","129","171"
9.770758448084594,"sp|P04050|Rpb1","sp|P20434|Rpb5","343","171"
9.677543848133558,"sp|P04050|Rpb1","sp|P20434|Rpb5","15","171"
9.537846221488781,"sp|P04050|Rpb1","sp|P20434|Rpb5","15","171"
9.504337734809408,"sp|P04050|Rpb1","sp|P20434|Rpb5","15","171"
9.27548072341233,"sp|P04050|Rpb1","sp|P20434|Rpb5","1003","166"
8.841920998319493,"sp|P04050|Rpb1","sp|P20434|Rpb5","938","201"
8.17566592818256,"sp|P04050|Rpb1","sp|P20434|Rpb5","938","201"
7.925528439156392,"sp|P04050|Rpb1","sp|P20434|Rpb5","938","201"
6.9115559903946515,"sp|P04050|Rpb1","sp|P20434|Rpb5","938","201"
8.411956367402706,"sp|P04050|Rpb1","sp|P20434|Rpb5","34","171"
11.749475028481552,"sp|P41895|Tfg1","sp|P41895|Tfg1","161","169"
11.093495666996498,"sp|P41895|Tfg1","sp|P41895|Tfg1","161","169"
9.855710995250842,"sp|P41895|Tfg1","sp|P41895|Tfg1","161","169"
8.970416716334359,"sp|P41895|Tfg1","sp|P41895|Tfg1","161","169"
11.215483339519883,"sp|P41895|Tfg1","sp|P41895|Tfg1","411","527"
10.454713424429446,"sp|P41895|Tfg1","sp|P41895|Tfg1","61","89"
10.001796048996601,"sp|P41895|Tfg1","sp|P41895|Tfg1","61","89"
9.986138073308878,"sp|P41895|Tfg1","sp|P41895|Tfg1","61","89"
10.068846223908267,"sp|P41895|Tfg1","sp|P41895|Tfg1","394","416"
9.848939012699645,"sp|P41895|Tfg1","sp|P41895|Tfg1","161","168"
8.18241265936623,"sp|P41895|Tfg1","sp|P41895|Tfg1","161","168"
9.66391070541447,"sp|P41895|Tfg1","sp|P41895|Tfg1","72","89"
9.354992535578885,"sp|P41895|Tfg1","sp|P41895|Tfg1","72","89"
9.26285902383037,"sp|P41895|Tfg1","sp|P41895|Tfg1","61","91"
9.177087160786812,"sp|P41895|Tfg1","sp|P41895|Tfg1","72","91"
9.095887809849545,"sp|P41895|Tfg1","sp|P41895|Tfg1","124","394"
9.045955663180779,"sp|P41895|Tfg1","sp|P41895|Tfg1","411","416"
8.987391962832787,"sp|P41895|Tfg1","sp|P41895|Tfg1","120","394"
8.786099362729534,"sp|P41895|Tfg1","sp|P41895|Tfg1","120","394"
8.691277728102103,"sp|P41895|Tfg1","sp|P41895|Tfg1","120","394"
8.433865493238175,"sp|P41895|Tfg1","sp|P41895|Tfg1","120","394"
8.926824344947601,"sp|P41895|Tfg1","sp|P41895|Tfg1","169","426"
8.858362290105637,"sp|P41895|Tfg1","sp|P41895|Tfg1","719","724"
8.688905135146808,"sp|P41895|Tfg1","sp|P41895|Tfg1","719","724"
8.425633815692553,"sp|P41895|Tfg1","sp|P41895|Tfg1","719","724"
8.288814833188102,"sp|P41895|Tfg1","sp|P41895|Tfg1","719","724"
8.099300687578056,"sp|P41895|Tfg1","sp|P41895|Tfg1","719","724"
7.497991046908224,"sp|P41895|Tfg1","sp|P41895|Tfg1","719","724"
7.466850084345954,"sp|P41895|Tfg1","sp|P41895|Tfg1","719","724"
6.958143115181424,"sp|P41895|Tfg1","sp|P41895|Tfg1","719","724"
8.728912787149184,"sp|P41895|Tfg1","sp|P41895|Tfg1","416","426"
8.501046896412628,"sp|P41895|Tfg1","sp|P41895|Tfg1","527","537"
7.89675703896044,"sp|P41895|Tfg1","sp|P41895|Tfg1","711","719"
7.3026406999271725,"sp|P41895|Tfg1","sp|P41895|Tfg1","711","719"
6.495865834604753,"sp|P41895|Tfg1","sp|P41895|Tfg1","711","719"
6.203792353099303,"sp|P41895|Tfg1","sp|P41895|Tfg1","711","719"
7.689210462387291,"sp|P41895|Tfg1","sp|P41895|Tfg1","405","426"
7.352147097732666,"sp|P41895|Tfg1","sp|P41895|Tfg1","411","426"
11.671897309615966,"sp|P38902|Rpb11","sp|P38902|Rpb11","55","88"
10.886296011573807,"sp|P38902|Rpb11","sp|P38902|Rpb11","55","88"
10.849287399114557,"sp|P38902|Rpb11","sp|P38902|Rpb11","55","88"
10.73031016536026,"sp|P38902|Rpb11","sp|P38902|Rpb11","55","88"
10.344805769211586,"sp|P38902|Rpb11","sp|P38902|Rpb11","55","88"
10.295876683263465,"sp|P38902|Rpb11","sp|P38902|Rpb11","55","88"
10.092034683956244,"sp|P38902|Rpb11","sp|P38902|Rpb11","55","88"
10.075675888224051,"sp|P38902|Rpb11","sp|P38902|Rpb11","55","88"
9.97247989434104,"sp|P38902|Rpb11","sp|P38902|Rpb11","55","88"
9.73185164459834,"sp|P38902|Rpb11","sp|P38902|Rpb11","55","88"
9.481564050553937,"sp|P38902|Rpb11","sp|P38902|Rpb11","55","88"
9.3388425348193,"sp|P38902|Rpb11","sp|P38902|Rpb11","55","88"
8.173380843817574,"sp|P38902|Rpb11","sp|P38902|Rpb11","55","88"
7.884769993544651,"sp|P38902|Rpb11","sp|P38902|Rpb11","55","88"
8.236448484991122,"sp|P38902|Rpb11","sp|P38902|Rpb11","20","37"
7.808387590332174,"sp|P38902|Rpb11","sp|P38902|Rpb11","20","34"
6.811671386495267,"sp|P38902|Rpb11","sp|P38902|Rpb11","55","84"
11.59214496970435,"sp|P04050|Rpb1","sp|P04050|Rpb1","1247","1262"
11.363854839464173,"sp|P04050|Rpb1","sp|P04050|Rpb1","830","1093"
11.298786602710763,"sp|P04050|Rpb1","sp|P04050|Rpb1","830","1093"
10.747608988230951,"sp|P04050|Rpb1","sp|P04050|Rpb1","830","1093"
8.438229419940665,"sp|P04050|Rpb1","sp|P04050|Rpb1","830","1093"
8.209880637398957,"sp|P04050|Rpb1","sp|P04050|Rpb1","830","1093"
11.208834237090723,"sp|P04050|Rpb1","sp|P04050|Rpb1","368","461"
8.804056212057235,"sp|P04050|Rpb1","sp|P04050|Rpb1","368","461"
11.1216575128657,"sp|P04050|Rpb1","sp|P04050|Rpb1","49","431"
10.958309263425177,"sp|P04050|Rpb1","sp|P04050|Rpb1","101","176"
10.766633630031029,"sp|P04050|Rpb1","sp|P04050|Rpb1","830","1112"
10.546477502011669,"sp|P04050|Rpb1","sp|P04050|Rpb1","836","1102"
8.651121830855516,"sp|P04050|Rpb1","sp|P04050|Rpb1","836","1102"
8.200305838747273,"sp|P04050|Rpb1","sp|P04050|Rpb1","836","1102"
8.088103856535984,"sp|P04050|Rpb1","sp|P04050|Rpb1","836","1102"
10.54281054444392,"sp|P04050|Rpb1","sp|P04050|Rpb1","689","728"
10.457039202954384,"sp|P04050|Rpb1","sp|P04050|Rpb1","343","431"
9.898149174921219,"sp|P04050|Rpb1","sp|P04050|Rpb1","343","431"
10.36034293554526,"sp|P04050|Rpb1","sp|P04050|Rpb1","1217","1246"
10.29222644285922,"sp|P04050|Rpb1","sp|P04050|Rpb1","689","705"
8.388580152432342,"sp|P04050|Rpb1","sp|P04050|Rpb1","689","705"
7.561418463852955,"sp|P04050|Rpb1","sp|P04050|Rpb1","689","705"
10.099821137476207,"sp|P04050|Rpb1","sp|P04050|Rpb1","1093","1286"
9.827526056186274,"sp|P04050|Rpb1","sp|P04050|Rpb1","1093","1286"
10.01721150567441,"sp|P04050|Rpb1","sp|P04050|Rpb1","705","1286"
10.013585165194709,"sp|P04050|Rpb1","sp|P04050|Rpb1","143","186"
7.827812677352435,"sp|P04050|Rpb1","sp|P04050|Rpb1","143","186"
6.961761729341719,"sp|P04050|Rpb1","sp|P04050|Rpb1","143","186"
9.843033557397085,"sp|P04050|Rpb1","sp|P04050|Rpb1","1093","1112"
9.679653172181052,"sp|P04050|Rpb1","sp|P04050|Rpb1","1093","1112"
9.194203487288197,"sp|P04050|Rpb1","sp|P04050|Rpb1","1093","1112"
8.817939104760004,"sp|P04050|Rpb1","sp|P04050|Rpb1","1093","1112"
8.503045234899941,"sp|P04050|Rpb1","sp|P04050|Rpb1","1093","1112"
8.184083830083255,"sp|P04050|Rpb1","sp|P04050|Rpb1","1093","1112"
7.948519783431786,"sp|P04050|Rpb1","sp|P04050|Rpb1","1093","1112"
9.506835603942822,"sp|P04050|Rpb1","sp|P04050|Rpb1","830","1102"
9.354709596602955,"sp|P04050|Rpb1","sp|P04050|Rpb1","830","1102"
9.25781777314435,"sp|P04050|Rpb1","sp|P04050|Rpb1","830","1102"
9.43692332307545,"sp|P04050|Rpb1","sp|P04050|Rpb1","1093","1102"
9.170856591604394,"sp|P04050|Rpb1","sp|P04050|Rpb1","372","403"
7.499562474422328,"sp|P04050|Rpb1","sp|P04050|Rpb1","372","403"
9.068570438922176,"sp|P04050|Rpb1","sp|P04050|Rpb1","1132","1205"
8.138411642226682,"sp|P04050|Rpb1","sp|P04050|Rpb1","1132","1205"
7.385500358295454,"sp|P04050|Rpb1","sp|P04050|Rpb1","1132","1205"
8.97805924446972,"sp|P04050|Rpb1","sp|P04050|Rpb1","1102","1112"
8.770617793339676,"sp|P04050|Rpb1","sp|P04050|Rpb1","1102","1112"
8.300377605158932,"sp|P04050|Rpb1","sp|P04050|Rpb1","1102","1112"
7.9153278187066505,"sp|P04050|Rpb1","sp|P04050|Rpb1","1102","1112"
8.537397763694452,"sp|P04050|Rpb1","sp|P04050|Rpb1","332","343"
8.506341043895993,"sp|P04050|Rpb1","sp|P04050|Rpb1","1266","1266"
8.448255102950318,"sp|P04050|Rpb1","sp|P04050|Rpb1","1132","1286"
6.9479472334439505,"sp|P04050|Rpb1","sp|P04050|Rpb1","1132","1286"
8.367970393310879,"sp|P04050|Rpb1","sp|P04050|Rpb1","461","644"
8.346761386858615,"sp|P04050|Rpb1","sp|P04050|Rpb1","101","143"
8.090383517146343,"sp|P04050|Rpb1","sp|P04050|Rpb1","101","143"
8.251109771620403,"sp|P04050|Rpb1","sp|P04050|Rpb1","330","836"
8.15706113488283,"sp|P04050|Rpb1","sp|P04050|Rpb1","705","1093"
6.978737207043383,"sp|P04050|Rpb1","sp|P04050|Rpb1","705","1093"
8.049586734034737,"sp|P04050|Rpb1","sp|P04050|Rpb1","323","330"
7.883319998905459,"sp|P04050|Rpb1","sp|P04050|Rpb1","1093","1358"
7.7354769290618695,"sp|P04050|Rpb1","sp|P04050|Rpb1","323","332"
7.586836848173701,"sp|P04050|Rpb1","sp|P04050|Rpb1","343","417"
7.10731100029115,"sp|P04050|Rpb1","sp|P04050|Rpb1","129","143"
6.620448378071314,"sp|P04050|Rpb1","sp|P04050|Rpb1","343","843"
11.4546610173815,"sp|P08518|Rpb2","sp|P41895|Tfg1","606","72"
9.958521239343447,"sp|P08518|Rpb2","sp|P41895|Tfg1","606","72"
11.41019492223694,"sp|P08518|Rpb2","sp|P41895|Tfg1","606","89"
9.337484511810999,"sp|P08518|Rpb2","sp|P41895|Tfg1","606","89"
7.400770673686623,"sp|P08518|Rpb2","sp|P41895|Tfg1","606","89"
11.138902044325635,"sp|P08518|Rpb2","sp|P41895|Tfg1","606","61"
10.426470784882337,"sp|P08518|Rpb2","sp|P41895|Tfg1","606","61"
9.905544310506697,"sp|P08518|Rpb2","sp|P41895|Tfg1","606","61"
9.862823900286521,"sp|P08518|Rpb2","sp|P41895|Tfg1","606","61"
8.170929000793675,"sp|P08518|Rpb2","sp|P41895|Tfg1","606","61"
10.480987479551915,"sp|P08518|Rpb2","sp|P41895|Tfg1","270","411"
6.9768117549688835,"sp|P08518|Rpb2","sp|P41895|Tfg1","270","411"
10.262782243451387,"sp|P08518|Rpb2","sp|P41895|Tfg1","606","66"
10.252765555203293,"sp|P08518|Rpb2","sp|P41895|Tfg1","87","340"
9.91548601644608,"sp|P08518|Rpb2","sp|P41895|Tfg1","87","340"
9.678982036600726,"sp|P08518|Rpb2","sp|P41895|Tfg1","87","340"
9.600571411516999,"sp|P08518|Rpb2","sp|P41895|Tfg1","87","340"
9.547839793853788,"sp|P08518|Rpb2","sp|P41895|Tfg1","87","340"
9.047081856113135,"sp|P08518|Rpb2","sp|P41895|Tfg1","87","340"
8.525139042280866,"sp|P08518|Rpb2","sp|P41895|Tfg1","87","340"
8.499077089038986,"sp|P08518|Rpb2","sp|P41895|Tfg1","87","340"
8.184532639312376,"sp|P08518|Rpb2","sp|P41895|Tfg1","87","340"
8.108734910750222,"sp|P08518|Rpb2","sp|P41895|Tfg1","87","340"
10.205507320369103,"sp|P08518|Rpb2","sp|P41895|Tfg1","228","426"
10.03846508899775,"sp|P08518|Rpb2","sp|P41895|Tfg1","606","60"
9.764549613896254,"sp|P08518|Rpb2","sp|P41895|Tfg1","606","60"
9.125622429521693,"sp|P08518|Rpb2","sp|P41895|Tfg1","606","60"
8.43269634352487,"sp|P08518|Rpb2","sp|P41895|Tfg1","606","60"
9.9465358182223,"sp|P08518|Rpb2","sp|P41895|Tfg1","87","333"
9.633824203681312,"sp|P08518|Rpb2","sp|P41895|Tfg1","87","333"
8.55214283055573,"sp|P08518|Rpb2","sp|P41895|Tfg1","87","333"
8.018669098681961,"sp|P08518|Rpb2","sp|P41895|Tfg1","87","333"
7.847629829345455,"sp|P08518|Rpb2","sp|P41895|Tfg1","87","333"
9.575939488072539,"sp|P08518|Rpb2","sp|P41895|Tfg1","277","416"
9.496289738285153,"sp|P08518|Rpb2","sp|P41895|Tfg1","353","394"
9.427556201841579,"sp|P08518|Rpb2","sp|P41895|Tfg1","275","415"
7.961852906401825,"sp|P08518|Rpb2","sp|P41895|Tfg1","275","415"
9.354668188938104,"sp|P08518|Rpb2","sp|P41895|Tfg1","358","340"
9.196498315451166,"sp|P08518|Rpb2","sp|P41895|Tfg1","426","333"
8.590840342675381,"sp|P08518|Rpb2","sp|P41895|Tfg1","426","333"
8.976845171358748,"sp|P08518|Rpb2","sp|P41895|Tfg1","358","333"
8.928129828288565,"sp|P08518|Rpb2","sp|P41895|Tfg1","270","527"
8.59205431300325,"sp|P08518|Rpb2","sp|P41895|Tfg1","270","416"
6.489641447386786,"sp|P08518|Rpb2","sp|P41895|Tfg1","270","416"
8.173656258873692,"sp|P08518|Rpb2","sp|P41895|Tfg1","88","340"
6.652746612631562,"sp|P08518|Rpb2","sp|P41895|Tfg1","88","340"
11.285122661947735,"sp|P41896|Tfg2","sp|P41896|Tfg2","296","359"
9.323269344939932,"sp|P41896|Tfg2","sp|P41896|Tfg2","296","359"
10.909702267188248,"sp|P41896|Tfg2","sp|P41896|Tfg2","249","279"
10.430908357053855,"sp|P41896|Tfg2","sp|P41896|Tfg2","249","279"
7.155044378969729,"sp|P41896|Tfg2","sp|P41896|Tfg2","249","279"
10.357827632558779,"sp|P41896|Tfg2","sp|P41896|Tfg2","279","357"
9.905419456666717,"sp|P41896|Tfg2","sp|P41896|Tfg2","279","357"
10.231650533373308,"sp|P41896|Tfg2","sp|P41896|Tfg2","80","279"
9.860041536651298,"sp|P41896|Tfg2","sp|P41896|Tfg2","80","279"
9.800873581103515,"sp|P41896|Tfg2","sp|P41896|Tfg2","80","245"
9.77409928262313,"sp|P41896|Tfg2","sp|P41896|Tfg2","279","297"
9.705946809376496,"sp|P41896|Tfg2","sp|P41896|Tfg2","279","297"
8.463823962408245,"sp|P41896|Tfg2","sp|P41896|Tfg2","279","297"
9.651015142719627,"sp|P41896|Tfg2","sp|P41896|Tfg2","297","335"
9.576836413188092,"sp|P41896|Tfg2","sp|P41896|Tfg2","172","179"
9.390776771935828,"sp|P41896|Tfg2","sp|P41896|Tfg2","245","279"
9.292204815371676,"sp|P41896|Tfg2","sp|P41896|Tfg2","245","279"
9.271743174728474,"sp|P41896|Tfg2","sp|P41896|Tfg2","335","359"
9.110334346330482,"sp|P41896|Tfg2","sp|P41896|Tfg2","296","357"
8.469348227686133,"sp|P41896|Tfg2","sp|P41896|Tfg2","279","286"
8.263397565600425,"sp|P41896|Tfg2","sp|P41896|Tfg2","335","357"
7.698052993076281,"sp|P41896|Tfg2","sp|P41896|Tfg2","186","206"
7.429103842340486,"sp|P41896|Tfg2","sp|P41896|Tfg2","148","164"
6.50283041782689,"sp|P41896|Tfg2","sp|P41896|Tfg2","142","147"
5.748796756502067,"sp|P41896|Tfg2","sp|P41896|Tfg2","94","99"
11.180941721880975,"sp|P41896|Tfg2","sp|P08518|Rpb2","245","606"
11.074215296906754,"sp|P41896|Tfg2","sp|P08518|Rpb2","245","606"
10.516770608982037,"sp|P41896|Tfg2","sp|P08518|Rpb2","245","606"
10.226824469930836,"sp|P41896|Tfg2","sp|P08518|Rpb2","245","606"
10.077140235223933,"sp|P41896|Tfg2","sp|P08518|Rpb2","245","606"
9.657219489146089,"sp|P41896|Tfg2","sp|P08518|Rpb2","245","606"
9.21415489879175,"sp|P41896|Tfg2","sp|P08518|Rpb2","245","606"
9.173131558235209,"sp|P41896|Tfg2","sp|P08518|Rpb2","245","606"
8.982713448922192,"sp|P41896|Tfg2","sp|P08518|Rpb2","245","606"
8.911839837675737,"sp|P41896|Tfg2","sp|P08518|Rpb2","245","606"
8.3829068272794,"sp|P41896|Tfg2","sp|P08518|Rpb2","245","606"
7.864410017549153,"sp|P41896|Tfg2","sp|P08518|Rpb2","245","606"
7.787906715915106,"sp|P41896|Tfg2","sp|P08518|Rpb2","245","606"
7.642266808211116,"sp|P41896|Tfg2","sp|P08518|Rpb2","245","606"
7.431173800034834,"sp|P41896|Tfg2","sp|P08518|Rpb2","245","606"
10.478713367833578,"sp|P41896|Tfg2","sp|P08518|Rpb2","290","426"
10.127856011056691,"sp|P41896|Tfg2","sp|P08518|Rpb2","279","865"
7.458701266466074,"sp|P41896|Tfg2","sp|P08518|Rpb2","279","865"
7.021328484417998,"sp|P41896|Tfg2","sp|P08518|Rpb2","279","865"
10.000195752056381,"sp|P41896|Tfg2","sp|P08518|Rpb2","249","246"
9.064968796581631,"sp|P41896|Tfg2","sp|P08518|Rpb2","249","246"
8.802374111635448,"sp|P41896|Tfg2","sp|P08518|Rpb2","249","246"
7.9742684209210895,"sp|P41896|Tfg2","sp|P08518|Rpb2","249","246"
9.781464415212742,"sp|P41896|Tfg2","sp|P08518|Rpb2","279","864"
9.106357623612661,"sp|P41896|Tfg2","sp|P08518|Rpb2","279","864"
8.261194503794858,"sp|P41896|Tfg2","sp|P08518|Rpb2","279","864"
9.681800242969812,"sp|P41896|Tfg2","sp|P08518|Rpb2","348","813"
9.649607130277072,"sp|P41896|Tfg2","sp|P08518|Rpb2","245","246"
9.634782232060868,"sp|P41896|Tfg2","sp|P08518|Rpb2","245","246"
9.594855327473931,"sp|P41896|Tfg2","sp|P08518|Rpb2","245","246"
9.199321090642794,"sp|P41896|Tfg2","sp|P08518|Rpb2","245","246"
8.927836011646706,"sp|P41896|Tfg2","sp|P08518|Rpb2","245","246"
8.60682554288671,"sp|P41896|Tfg2","sp|P08518|Rpb2","245","246"
8.442080486312104,"sp|P41896|Tfg2","sp|P08518|Rpb2","245","246"
7.857900573620087,"sp|P41896|Tfg2","sp|P08518|Rpb2","245","246"
9.477112478961903,"sp|P41896|Tfg2","sp|P08518|Rpb2","279","426"
9.442289957769702,"sp|P41896|Tfg2","sp|P08518|Rpb2","357","864"
9.199366771512526,"sp|P41896|Tfg2","sp|P08518|Rpb2","279","934"
8.938640130261575,"sp|P41896|Tfg2","sp|P08518|Rpb2","206","344"
7.085509312202175,"sp|P41896|Tfg2","sp|P08518|Rpb2","206","344"
8.854412561271158,"sp|P41896|Tfg2","sp|P08518|Rpb2","279","191"
7.991970258224559,"sp|P41896|Tfg2","sp|P08518|Rpb2","348","864"
7.68981996900694,"sp|P41896|Tfg2","sp|P08518|Rpb2","348","864"
6.18837587791913,"sp|P41896|Tfg2","sp|P08518|Rpb2","348","864"
7.785920073142265,"sp|P41896|Tfg2","sp|P08518|Rpb2","279","133"
7.637751120937375,"sp|P41896|Tfg2","sp|P08518|Rpb2","290","865"
7.54397413168582,"sp|P41896|Tfg2","sp|P08518|Rpb2","297","426"
7.521323038792573,"sp|P41896|Tfg2","sp|P08518|Rpb2","348","426"
11.178186907079809,"sp|P08518|Rpb2","sp|P04050|Rpb1","886","2"
11.119892524041406,"sp|P08518|Rpb2","sp|P04050|Rpb1","227","1093"
10.527657095115885,"sp|P08518|Rpb2","sp|P04050|Rpb1","227","1093"
9.383154262275998,"sp|P08518|Rpb2","sp|P04050|Rpb1","227","1093"
8.704857713328845,"sp|P08518|Rpb2","sp|P04050|Rpb1","227","1093"
8.292478868867478,"sp|P08518|Rpb2","sp|P04050|Rpb1","227","1093"
8.136215422038926,"sp|P08518|Rpb2","sp|P04050|Rpb1","227","1093"
6.822851615224205,"sp|P08518|Rpb2","sp|P04050|Rpb1","227","1093"
11.032405674920167,"sp|P08518|Rpb2","sp|P04050|Rpb1","507","332"
10.074143946613633,"sp|P08518|Rpb2","sp|P04050|Rpb1","507","332"
9.892039420350077,"sp|P08518|Rpb2","sp|P04050|Rpb1","507","332"
9.628118129651074,"sp|P08518|Rpb2","sp|P04050|Rpb1","507","332"
9.067558913402234,"sp|P08518|Rpb2","sp|P04050|Rpb1","507","332"
10.691826752870975,"sp|P08518|Rpb2","sp|P04050|Rpb1","228","2"
10.496115436311227,"sp|P08518|Rpb2","sp|P04050|Rpb1","934","2"
9.523947828577295,"sp|P08518|Rpb2","sp|P04050|Rpb1","934","2"
10.232719376853177,"sp|P08518|Rpb2","sp|P04050|Rpb1","507","1102"
10.15379677381136,"sp|P08518|Rpb2","sp|P04050|Rpb1","934","343"
10.07259564017188,"sp|P08518|Rpb2","sp|P04050|Rpb1","228","1093"
10.018721012742851,"sp|P08518|Rpb2","sp|P04050|Rpb1","507","1093"
8.351343566546822,"sp|P08518|Rpb2","sp|P04050|Rpb1","507","1093"
9.835883593519714,"sp|P08518|Rpb2","sp|P04050|Rpb1","1148","2"
9.766978787790048,"sp|P08518|Rpb2","sp|P04050|Rpb1","507","1112"
9.045994191933227,"sp|P08518|Rpb2","sp|P04050|Rpb1","886","369"
8.881272013019977,"sp|P08518|Rpb2","sp|P04050|Rpb1","886","369"
8.934317985048299,"sp|P08518|Rpb2","sp|P04050|Rpb1","1102","343"
8.621172967031566,"sp|P08518|Rpb2","sp|P04050|Rpb1","1102","343"
6.298742141658307,"sp|P08518|Rpb2","sp|P04050|Rpb1","1102","343"
8.930390556194084,"sp|P08518|Rpb2","sp|P04050|Rpb1","1102","332"
8.669562073483723,"sp|P08518|Rpb2","sp|P04050|Rpb1","471","324"
7.893692440145744,"sp|P08518|Rpb2","sp|P04050|Rpb1","989","830"
7.780102666941171,"sp|P08518|Rpb2","sp|P04050|Rpb1","1174","49"
7.685420712018448,"sp|P08518|Rpb2","sp|P04050|Rpb1","228","265"
7.3779449105289885,"sp|P08518|Rpb2","sp|P04050|Rpb1","987","343"
7.282221560840564,"sp|P08518|Rpb2","sp|P04050|Rpb1","1102","403"
7.063541697788227,"sp|P08518|Rpb2","sp|P04050|Rpb1","1102","403"
6.903423748729033,"sp|P08518|Rpb2","sp|P04050|Rpb1","864","343"
11.135116100254452,"sp|P20434|Rpb5","sp|P20434|Rpb5","171","201"
7.8920545502487895,"sp|P20434|Rpb5","sp|P20434|Rpb5","20","45"
7.7885367396810326,"sp|P20434|Rpb5","sp|P20434|Rpb5","20","45"
7.4096819641701615,"sp|P20434|Rpb5","sp|P20434|Rpb5","20","45"
7.5255891948820235,"sp|P20434|Rpb5","sp|P20434|Rpb5","161","171"
7.209225178756509,"sp|P20434|Rpb5","sp|P20434|Rpb5","161","171"
10.967793830875246,"sp|P20433|Rpb4","sp|P20433|Rpb4","60","142"
9.719144855189926,"sp|P20433|Rpb4","sp|P20433|Rpb4","60","121"
10.923318229313745,"sp|P16370|Rpb3","sp|P40422|Rpb12","149","37"
10.909154019946088,"sp|P41896|Tfg2","sp|P16370|Rpb3","357","137"
9.694481071375744,"sp|P41896|Tfg2","sp|P16370|Rpb3","357","137"
9.757787729661262,"sp|P41896|Tfg2","sp|P16370|Rpb3","359","137"
10.643482758043321,"sp|P41896|Tfg2","sp|P41895|Tfg1","174","169"
10.041579961835229,"sp|P41896|Tfg2","sp|P41895|Tfg1","103","89"
9.839572687135883,"sp|P41896|Tfg2","sp|P41895|Tfg1","279","126"
9.63739732605394,"sp|P41896|Tfg2","sp|P41895|Tfg1","357","426"
9.2208733143758,"sp|P41896|Tfg2","sp|P41895|Tfg1","127","394"
9.136816904693351,"sp|P41896|Tfg2","sp|P41895|Tfg1","245","60"
7.2289148446958365,"sp|P41896|Tfg2","sp|P41895|Tfg1","245","60"
6.7435610385313876,"sp|P41896|Tfg2","sp|P41895|Tfg1","245","60"
8.656528112544226,"sp|P41896|Tfg2","sp|P41895|Tfg1","249","60"
7.729772356871749,"sp|P41896|Tfg2","sp|P41895|Tfg1","235","61"
7.520305383663103,"sp|P41896|Tfg2","sp|P41895|Tfg1","94","89"
6.985009153430932,"sp|P41896|Tfg2","sp|P41895|Tfg1","94","89"
7.463994180721445,"sp|P41896|Tfg2","sp|P41895|Tfg1","99","61"
6.803475496569897,"sp|P41896|Tfg2","sp|P41895|Tfg1","245","394"
6.343421961046246,"sp|P41896|Tfg2","sp|P41895|Tfg1","279","108"
10.535271625151795,"sp|P04050|Rpb1","sp|P20433|Rpb4","2","139"
10.322395996324214,"sp|P04050|Rpb1","sp|P20433|Rpb4","2","139"
10.530757383183527,"sp|P16370|Rpb3","sp|P16370|Rpb3","15","137"
8.644629836396128,"sp|P16370|Rpb3","sp|P16370|Rpb3","165","253"
8.528532070733766,"sp|P16370|Rpb3","sp|P16370|Rpb3","161","253"
10.527589747331765,"sp|P35189|Tfg3","sp|P35189|Tfg3","181","240"
8.203905926836388,"sp|P35189|Tfg3","sp|P35189|Tfg3","181","240"
8.080990854001255,"sp|P35189|Tfg3","sp|P35189|Tfg3","181","240"
8.69237062489452,"sp|P35189|Tfg3","sp|P35189|Tfg3","166","240"
7.961192563906661,"sp|P35189|Tfg3","sp|P35189|Tfg3","166","240"
8.164982202276269,"sp|P35189|Tfg3","sp|P35189|Tfg3","166","181"
7.343714558328872,"sp|P35189|Tfg3","sp|P35189|Tfg3","161","166"
10.32553889552835,"sp|P08518|Rpb2","sp|P22139|Rpb10","813","59"
9.196667432139687,"sp|P08518|Rpb2","sp|P22139|Rpb10","813","59"
8.538474414711228,"sp|P08518|Rpb2","sp|P22139|Rpb10","813","59"
7.23596245882708,"sp|P08518|Rpb2","sp|P22139|Rpb10","813","59"
7.2124886957032945,"sp|P08518|Rpb2","sp|P22139|Rpb10","813","59"
7.032652843867029,"sp|P08518|Rpb2","sp|P22139|Rpb10","813","59"
6.668973858695097,"sp|P08518|Rpb2","sp|P22139|Rpb10","191","68"
10.12547475385065,"sp|P20434|Rpb5","sp|P20435|Rpb6","171","70"
9.246900083096005,"sp|P20434|Rpb5","sp|P20435|Rpb6","171","67"
10.027271595675225,"sp|P04050|Rpb1","sp|P27999|Rpb9","1246","20"
8.622735573437112,"sp|P04050|Rpb1","sp|P27999|Rpb9","1246","20"
8.03174303246286,"sp|P04050|Rpb1","sp|P27999|Rpb9","1246","20"
9.863012192633125,"sp|P04050|Rpb1","sp|P27999|Rpb9","1262","20"
9.83470012555443,"sp|P04050|Rpb1","sp|P27999|Rpb9","1262","44"
9.93641111007189,"sp|P41896|Tfg2","sp|P04050|Rpb1","290","49"
9.344254044647519,"sp|P41896|Tfg2","sp|P04050|Rpb1","297","49"
8.510552709029335,"sp|P41896|Tfg2","sp|P04050|Rpb1","357","34"
6.948172101767298,"sp|P41896|Tfg2","sp|P04050|Rpb1","359","49"
6.268315053733289,"sp|P41896|Tfg2","sp|P04050|Rpb1","279","49"
9.670289902125381,"sp|P41895|Tfg1","sp|P27999|Rpb9","426","20"
9.451213754515008,"sp|P41896|Tfg2","sp|P22139|Rpb10","348","59"
8.416592684552942,"sp|P41896|Tfg2","sp|P22139|Rpb10","348","59"
7.775964274185962,"sp|P41896|Tfg2","sp|P22139|Rpb10","279","68"
7.433796259432671,"sp|P41896|Tfg2","sp|P22139|Rpb10","279","68"
9.347250794692004,"sp|P41895|Tfg1","sp|P35189|Tfg3","614","166"
8.526024062836052,"sp|P41895|Tfg1","sp|P35189|Tfg3","614","166"
8.414760082242559,"sp|P41895|Tfg1","sp|P35189|Tfg3","614","166"
8.08997143138878,"sp|P41895|Tfg1","sp|P35189|Tfg3","614","166"
9.177274103493748,"sp|P08518|Rpb2","sp|P40422|Rpb12","865","58"
8.065902929210987,"sp|P08518|Rpb2","sp|P40422|Rpb12","865","58"
7.334049358381281,"sp|P08518|Rpb2","sp|P40422|Rpb12","865","58"
8.625049591192537,"sp|P08518|Rpb2","sp|P40422|Rpb12","864","58"
6.582486414623436,"sp|P08518|Rpb2","sp|P40422|Rpb12","864","58"
8.95030857135684,"sp|P04050|Rpb1","sp|P38902|Rpb11","644","26"
8.850257338075064,"sp|P04050|Rpb1","sp|P38902|Rpb11","644","26"
8.76350410579197,"sp|P04050|Rpb1","sp|P38902|Rpb11","644","26"
8.682164383652099,"sp|P04050|Rpb1","sp|P38902|Rpb11","644","26"
8.626597327033958,"sp|P04050|Rpb1","sp|P38902|Rpb11","644","26"
8.474881850897841,"sp|P04050|Rpb1","sp|P38902|Rpb11","644","26"
8.272189231592382,"sp|P04050|Rpb1","sp|P38902|Rpb11","644","26"
8.057813374910356,"sp|P04050|Rpb1","sp|P38902|Rpb11","644","26"
8.048973394657633,"sp|P04050|Rpb1","sp|P38902|Rpb11","644","26"
8.013428914831048,"sp|P04050|Rpb1","sp|P38902|Rpb11","644","26"
7.890294464976762,"sp|P04050|Rpb1","sp|P38902|Rpb11","644","26"
7.858387394211334,"sp|P04050|Rpb1","sp|P38902|Rpb11","644","26"
7.798307680023946,"sp|P04050|Rpb1","sp|P38902|Rpb11","644","26"
7.760571812589545,"sp|P04050|Rpb1","sp|P38902|Rpb11","644","26"
7.618290377973582,"sp|P04050|Rpb1","sp|P38902|Rpb11","644","26"
7.455121804854215,"sp|P04050|Rpb1","sp|P38902|Rpb11","644","26"
7.44087173199276,"sp|P04050|Rpb1","sp|P38902|Rpb11","644","26"
8.172890058236378,"sp|P22139|Rpb10","sp|P22139|Rpb10","42","44"
8.122703235116374,"sp|P22139|Rpb10","sp|P22139|Rpb10","42","44"
8.061287977089469,"sp|P16370|Rpb3","sp|P22139|Rpb10","154","68"
7.30735832029333,"sp|P16370|Rpb3","sp|P22139|Rpb10","154","68"
7.033976596539328,"sp|P16370|Rpb3","sp|P22139|Rpb10","154","68"
8.03183513562638,"sp|P04050|Rpb1","sp|P20436|Rpb8","977","136"
7.769649660443551,"sp|P35189|Tfg3","sp|P04050|Rpb1","181","49"
6.987928279057561,"sp|P35189|Tfg3","sp|P04050|Rpb1","181","34"
6.520105283920404,"sp|P16370|Rpb3","sp|P38902|Rpb11","253","18"