Score,Protein1,Protein2,LinkPos1,LinkPos2
13.0693503606,sp|P08518|Rpb2,sp|P08518|Rpb2,218,228
12.7988395582,sp|P08518|Rpb2,sp|P08518|Rpb2,218,228
12.5775042526,sp|P08518|Rpb2,sp|P08518|Rpb2,228,507
12.3487598434,sp|P08518|Rpb2,sp|P08518|Rpb2,228,507
11.8807158646,sp|P08518|Rpb2,sp|P08518|Rpb2,228,507
11.6616806865,sp|P08518|Rpb2,sp|P08518|Rpb2,228,507
11.5286826574,sp|P08518|Rpb2,sp|P08518|Rpb2,228,507
10.4903214688,sp|P08518|Rpb2,sp|P08518|Rpb2,228,507
10.3123475858,sp|P08518|Rpb2,sp|P08518|Rpb2,228,507
9.1451340289,sp|P08518|Rpb2,sp|P08518|Rpb2,228,507
8.561262414,sp|P08518|Rpb2,sp|P08518|Rpb2,228,507
8.1564462156,sp|P08518|Rpb2,sp|P08518|Rpb2,228,507
12.0625310847,sp|P08518|Rpb2,sp|P08518|Rpb2,987,1102
11.9073767987,sp|P08518|Rpb2,sp|P08518|Rpb2,987,1102
11.7729996404,sp|P08518|Rpb2,sp|P08518|Rpb2,987,1102
11.6319197358,sp|P08518|Rpb2,sp|P08518|Rpb2,987,1102
11.0390260755,sp|P08518|Rpb2,sp|P08518|Rpb2,987,1102
10.6974129484,sp|P08518|Rpb2,sp|P08518|Rpb2,987,1102
9.8891913115,sp|P08518|Rpb2,sp|P08518|Rpb2,987,1102
9.7716289734,sp|P08518|Rpb2,sp|P08518|Rpb2,987,1102
9.5896887535,sp|P08518|Rpb2,sp|P08518|Rpb2,987,1102
8.6232514819,sp|P08518|Rpb2,sp|P08518|Rpb2,987,1102
8.6103539746,sp|P08518|Rpb2,sp|P08518|Rpb2,987,1102
8.4870499052,sp|P08518|Rpb2,sp|P08518|Rpb2,987,1102
7.9917627878,sp|P08518|Rpb2,sp|P08518|Rpb2,987,1102
7.8602130615,sp|P08518|Rpb2,sp|P08518|Rpb2,987,1102
7.8219068942,sp|P08518|Rpb2,sp|P08518|Rpb2,987,1102
7.2202569557,sp|P08518|Rpb2,sp|P08518|Rpb2,987,1102
7.0973144418,sp|P08518|Rpb2,sp|P08518|Rpb2,987,1102
11.9187198602,sp|P08518|Rpb2,sp|P08518|Rpb2,228,257
11.4789564781,sp|P08518|Rpb2,sp|P08518|Rpb2,228,257
11.3525916547,sp|P08518|Rpb2,sp|P08518|Rpb2,228,257
10.166544777,sp|P08518|Rpb2,sp|P08518|Rpb2,228,257
9.5520680268,sp|P08518|Rpb2,sp|P08518|Rpb2,228,257
9.0553509338,sp|P08518|Rpb2,sp|P08518|Rpb2,228,257
8.6649728157,sp|P08518|Rpb2,sp|P08518|Rpb2,228,257
8.4981102282,sp|P08518|Rpb2,sp|P08518|Rpb2,228,257
7.9226632253,sp|P08518|Rpb2,sp|P08518|Rpb2,228,257
7.8489372173,sp|P08518|Rpb2,sp|P08518|Rpb2,228,257
7.6610354893,sp|P08518|Rpb2,sp|P08518|Rpb2,228,257
7.6117846265,sp|P08518|Rpb2,sp|P08518|Rpb2,228,257
7.5880319185,sp|P08518|Rpb2,sp|P08518|Rpb2,228,257
6.9516258532,sp|P08518|Rpb2,sp|P08518|Rpb2,228,257
6.8593800251,sp|P08518|Rpb2,sp|P08518|Rpb2,228,257
11.5424412025,sp|P08518|Rpb2,sp|P08518|Rpb2,886,1102
9.8735572115,sp|P08518|Rpb2,sp|P08518|Rpb2,886,1102
9.2775029515,sp|P08518|Rpb2,sp|P08518|Rpb2,886,1102
11.4378624275,sp|P08518|Rpb2,sp|P08518|Rpb2,488,1102
11.2899650031,sp|P08518|Rpb2,sp|P08518|Rpb2,775,987
9.5701988036,sp|P08518|Rpb2,sp|P08518|Rpb2,775,987
9.116880844,sp|P08518|Rpb2,sp|P08518|Rpb2,775,987
11.1666018134,sp|P08518|Rpb2,sp|P08518|Rpb2,934,1102
10.757270171,sp|P08518|Rpb2,sp|P08518|Rpb2,426,471
8.7785282515,sp|P08518|Rpb2,sp|P08518|Rpb2,426,471
10.7154161306,sp|P08518|Rpb2,sp|P08518|Rpb2,979,1102
10.3907094301,sp|P08518|Rpb2,sp|P08518|Rpb2,979,1102
10.1282678882,sp|P08518|Rpb2,sp|P08518|Rpb2,979,1102
8.7370432946,sp|P08518|Rpb2,sp|P08518|Rpb2,979,1102
8.2043127217,sp|P08518|Rpb2,sp|P08518|Rpb2,979,1102
7.962717421,sp|P08518|Rpb2,sp|P08518|Rpb2,979,1102
7.5220030412,sp|P08518|Rpb2,sp|P08518|Rpb2,979,1102
7.1294341098,sp|P08518|Rpb2,sp|P08518|Rpb2,979,1102
7.0666030847,sp|P08518|Rpb2,sp|P08518|Rpb2,979,1102
10.6099627523,sp|P08518|Rpb2,sp|P08518|Rpb2,246,471
9.1769472524,sp|P08518|Rpb2,sp|P08518|Rpb2,246,471
10.5646733592,sp|P08518|Rpb2,sp|P08518|Rpb2,864,934
8.170581204,sp|P08518|Rpb2,sp|P08518|Rpb2,864,934
10.5473287379,sp|P08518|Rpb2,sp|P08518|Rpb2,775,1102
9.5801430087,sp|P08518|Rpb2,sp|P08518|Rpb2,775,1102
10.4568230465,sp|P08518|Rpb2,sp|P08518|Rpb2,87,148
10.1411868659,sp|P08518|Rpb2,sp|P08518|Rpb2,87,148
9.505954292,sp|P08518|Rpb2,sp|P08518|Rpb2,87,148
9.4984026236,sp|P08518|Rpb2,sp|P08518|Rpb2,87,148
10.3157068128,sp|P08518|Rpb2,sp|P08518|Rpb2,246,423
7.1709017857,sp|P08518|Rpb2,sp|P08518|Rpb2,246,423
10.1879989555,sp|P08518|Rpb2,sp|P08518|Rpb2,775,989
8.7909917596,sp|P08518|Rpb2,sp|P08518|Rpb2,775,989
9.9086948829,sp|P08518|Rpb2,sp|P08518|Rpb2,246,426
9.469259205,sp|P08518|Rpb2,sp|P08518|Rpb2,246,426
9.3827076171,sp|P08518|Rpb2,sp|P08518|Rpb2,246,426
7.4716739662,sp|P08518|Rpb2,sp|P08518|Rpb2,246,426
9.565932482,sp|P08518|Rpb2,sp|P08518|Rpb2,246,257
9.4567710551,sp|P08518|Rpb2,sp|P08518|Rpb2,246,257
9.5460725175,sp|P08518|Rpb2,sp|P08518|Rpb2,471,507
9.4133030915,sp|P08518|Rpb2,sp|P08518|Rpb2,99,191
9.3729096751,sp|P08518|Rpb2,sp|P08518|Rpb2,227,507
7.2024452688,sp|P08518|Rpb2,sp|P08518|Rpb2,227,507
9.1093182891,sp|P08518|Rpb2,sp|P08518|Rpb2,490,1102
6.8958615956,sp|P08518|Rpb2,sp|P08518|Rpb2,490,1102
9.0217973195,sp|P08518|Rpb2,sp|P08518|Rpb2,257,507
8.9399149405,sp|P08518|Rpb2,sp|P08518|Rpb2,507,1102
8.9073205366,sp|P08518|Rpb2,sp|P08518|Rpb2,972,1102
8.0840761056,sp|P08518|Rpb2,sp|P08518|Rpb2,972,1102
6.6265668737,sp|P08518|Rpb2,sp|P08518|Rpb2,972,1102
8.8962067578,sp|P08518|Rpb2,sp|P08518|Rpb2,486,775
8.8183801944,sp|P08518|Rpb2,sp|P08518|Rpb2,246,358
8.0720244145,sp|P08518|Rpb2,sp|P08518|Rpb2,246,358
7.3194861658,sp|P08518|Rpb2,sp|P08518|Rpb2,246,358
8.6025734409,sp|P08518|Rpb2,sp|P08518|Rpb2,228,270
8.5254032311,sp|P08518|Rpb2,sp|P08518|Rpb2,246,425
8.0855163708,sp|P08518|Rpb2,sp|P08518|Rpb2,358,426
7.8412232504,sp|P08518|Rpb2,sp|P08518|Rpb2,876,886
7.8358193943,sp|P08518|Rpb2,sp|P08518|Rpb2,982,1102
7.7546422706,sp|P08518|Rpb2,sp|P08518|Rpb2,982,1102
7.2666879571,sp|P08518|Rpb2,sp|P08518|Rpb2,982,1102
7.3957811192,sp|P08518|Rpb2,sp|P08518|Rpb2,451,865
7.1079679628,sp|P08518|Rpb2,sp|P08518|Rpb2,246,422
6.751697992,sp|P08518|Rpb2,sp|P08518|Rpb2,344,351
6.4829517427,sp|P08518|Rpb2,sp|P08518|Rpb2,228,510
12.6103191363,sp|P41895|Tfg1,sp|P04050|Rpb1,416,1262
11.9434773577,sp|P41895|Tfg1,sp|P04050|Rpb1,416,1262
9.9548966423,sp|P41895|Tfg1,sp|P04050|Rpb1,416,1262
9.9318410477,sp|P41895|Tfg1,sp|P04050|Rpb1,416,1262
9.8489257198,sp|P41895|Tfg1,sp|P04050|Rpb1,416,1262
10.2090472271,sp|P41895|Tfg1,sp|P04050|Rpb1,415,1262
10.0626678718,sp|P41895|Tfg1,sp|P04050|Rpb1,426,1262
8.6502465945,sp|P41895|Tfg1,sp|P04050|Rpb1,415,1266
7.5907815245,sp|P41895|Tfg1,sp|P04050|Rpb1,416,186
7.4495622351,sp|P41895|Tfg1,sp|P04050|Rpb1,614,49
12.1664415448,sp|P04050|Rpb1,sp|P20435|Rpb6,1003,46
8.9603254012,sp|P04050|Rpb1,sp|P20435|Rpb6,1003,76
8.1529917781,sp|P04050|Rpb1,sp|P20435|Rpb6,129,46
8.0763017696,sp|P04050|Rpb1,sp|P20435|Rpb6,15,72
6.8968328175,sp|P04050|Rpb1,sp|P20435|Rpb6,15,72
11.8619027943,sp|P04050|Rpb1,sp|P20434|Rpb5,1003,197
11.149685636,sp|P04050|Rpb1,sp|P20434|Rpb5,1003,197
9.41037311,sp|P04050|Rpb1,sp|P20434|Rpb5,1003,197
10.1120967823,sp|P04050|Rpb1,sp|P20434|Rpb5,1350,201
9.7850194729,sp|P04050|Rpb1,sp|P20434|Rpb5,1350,201
9.93801767,sp|P04050|Rpb1,sp|P20434|Rpb5,129,171
9.8696002827,sp|P04050|Rpb1,sp|P20434|Rpb5,129,171
8.9100052823,sp|P04050|Rpb1,sp|P20434|Rpb5,129,171
9.7707584481,sp|P04050|Rpb1,sp|P20434|Rpb5,343,171
9.6775438481,sp|P04050|Rpb1,sp|P20434|Rpb5,15,171
9.5378462215,sp|P04050|Rpb1,sp|P20434|Rpb5,15,171
9.5043377348,sp|P04050|Rpb1,sp|P20434|Rpb5,15,171
9.2754807234,sp|P04050|Rpb1,sp|P20434|Rpb5,1003,166
8.8419209983,sp|P04050|Rpb1,sp|P20434|Rpb5,938,201
8.1756659282,sp|P04050|Rpb1,sp|P20434|Rpb5,938,201
7.9255284392,sp|P04050|Rpb1,sp|P20434|Rpb5,938,201
6.9115559904,sp|P04050|Rpb1,sp|P20434|Rpb5,938,201
8.4119563674,sp|P04050|Rpb1,sp|P20434|Rpb5,34,171
11.7494750285,sp|P41895|Tfg1,sp|P41895|Tfg1,161,169
11.093495667,sp|P41895|Tfg1,sp|P41895|Tfg1,161,169
9.8557109953,sp|P41895|Tfg1,sp|P41895|Tfg1,161,169
8.9704167163,sp|P41895|Tfg1,sp|P41895|Tfg1,161,169
11.2154833395,sp|P41895|Tfg1,sp|P41895|Tfg1,411,527
10.4547134244,sp|P41895|Tfg1,sp|P41895|Tfg1,61,89
10.001796049,sp|P41895|Tfg1,sp|P41895|Tfg1,61,89
9.9861380733,sp|P41895|Tfg1,sp|P41895|Tfg1,61,89
10.0688462239,sp|P41895|Tfg1,sp|P41895|Tfg1,394,416
9.8489390127,sp|P41895|Tfg1,sp|P41895|Tfg1,161,168
8.1824126594,sp|P41895|Tfg1,sp|P41895|Tfg1,161,168
9.6639107054,sp|P41895|Tfg1,sp|P41895|Tfg1,72,89
9.3549925356,sp|P41895|Tfg1,sp|P41895|Tfg1,72,89
9.2628590238,sp|P41895|Tfg1,sp|P41895|Tfg1,61,91
9.1770871608,sp|P41895|Tfg1,sp|P41895|Tfg1,72,91
9.0958878098,sp|P41895|Tfg1,sp|P41895|Tfg1,124,394
9.0459556632,sp|P41895|Tfg1,sp|P41895|Tfg1,411,416
8.9873919628,sp|P41895|Tfg1,sp|P41895|Tfg1,120,394
8.7860993627,sp|P41895|Tfg1,sp|P41895|Tfg1,120,394
8.6912777281,sp|P41895|Tfg1,sp|P41895|Tfg1,120,394
8.4338654932,sp|P41895|Tfg1,sp|P41895|Tfg1,120,394
8.9268243449,sp|P41895|Tfg1,sp|P41895|Tfg1,169,426
8.8583622901,sp|P41895|Tfg1,sp|P41895|Tfg1,719,724
8.6889051351,sp|P41895|Tfg1,sp|P41895|Tfg1,719,724
8.4256338157,sp|P41895|Tfg1,sp|P41895|Tfg1,719,724
8.2888148332,sp|P41895|Tfg1,sp|P41895|Tfg1,719,724
8.0993006876,sp|P41895|Tfg1,sp|P41895|Tfg1,719,724
7.4979910469,sp|P41895|Tfg1,sp|P41895|Tfg1,719,724
7.4668500843,sp|P41895|Tfg1,sp|P41895|Tfg1,719,724
6.9581431152,sp|P41895|Tfg1,sp|P41895|Tfg1,719,724
8.7289127871,sp|P41895|Tfg1,sp|P41895|Tfg1,416,426
8.5010468964,sp|P41895|Tfg1,sp|P41895|Tfg1,527,537
7.896757039,sp|P41895|Tfg1,sp|P41895|Tfg1,711,719
7.3026406999,sp|P41895|Tfg1,sp|P41895|Tfg1,711,719
6.4958658346,sp|P41895|Tfg1,sp|P41895|Tfg1,711,719
6.2037923531,sp|P41895|Tfg1,sp|P41895|Tfg1,711,719
7.6892104624,sp|P41895|Tfg1,sp|P41895|Tfg1,405,426
7.3521470977,sp|P41895|Tfg1,sp|P41895|Tfg1,411,426
11.6718973096,sp|P38902|Rpb11,sp|P38902|Rpb11,55,88
10.8862960116,sp|P38902|Rpb11,sp|P38902|Rpb11,55,88
10.8492873991,sp|P38902|Rpb11,sp|P38902|Rpb11,55,88
10.7303101654,sp|P38902|Rpb11,sp|P38902|Rpb11,55,88
10.3448057692,sp|P38902|Rpb11,sp|P38902|Rpb11,55,88
10.2958766833,sp|P38902|Rpb11,sp|P38902|Rpb11,55,88
10.092034684,sp|P38902|Rpb11,sp|P38902|Rpb11,55,88
10.0756758882,sp|P38902|Rpb11,sp|P38902|Rpb11,55,88
9.9724798943,sp|P38902|Rpb11,sp|P38902|Rpb11,55,88
9.7318516446,sp|P38902|Rpb11,sp|P38902|Rpb11,55,88
9.4815640506,sp|P38902|Rpb11,sp|P38902|Rpb11,55,88
9.3388425348,sp|P38902|Rpb11,sp|P38902|Rpb11,55,88
8.1733808438,sp|P38902|Rpb11,sp|P38902|Rpb11,55,88
7.8847699935,sp|P38902|Rpb11,sp|P38902|Rpb11,55,88
8.236448485,sp|P38902|Rpb11,sp|P38902|Rpb11,20,37
7.8083875903,sp|P38902|Rpb11,sp|P38902|Rpb11,20,34
6.8116713865,sp|P38902|Rpb11,sp|P38902|Rpb11,55,84
11.5921449697,sp|P04050|Rpb1,sp|P04050|Rpb1,1247,1262
11.3638548395,sp|P04050|Rpb1,sp|P04050|Rpb1,830,1093
11.2987866027,sp|P04050|Rpb1,sp|P04050|Rpb1,830,1093
10.7476089882,sp|P04050|Rpb1,sp|P04050|Rpb1,830,1093
8.4382294199,sp|P04050|Rpb1,sp|P04050|Rpb1,830,1093
8.2098806374,sp|P04050|Rpb1,sp|P04050|Rpb1,830,1093
11.2088342371,sp|P04050|Rpb1,sp|P04050|Rpb1,368,461
8.8040562121,sp|P04050|Rpb1,sp|P04050|Rpb1,368,461
11.1216575129,sp|P04050|Rpb1,sp|P04050|Rpb1,49,431
10.9583092634,sp|P04050|Rpb1,sp|P04050|Rpb1,101,176
10.76663363,sp|P04050|Rpb1,sp|P04050|Rpb1,830,1112
10.546477502,sp|P04050|Rpb1,sp|P04050|Rpb1,836,1102
8.6511218309,sp|P04050|Rpb1,sp|P04050|Rpb1,836,1102
8.2003058387,sp|P04050|Rpb1,sp|P04050|Rpb1,836,1102
8.0881038565,sp|P04050|Rpb1,sp|P04050|Rpb1,836,1102
10.5428105444,sp|P04050|Rpb1,sp|P04050|Rpb1,689,728
10.457039203,sp|P04050|Rpb1,sp|P04050|Rpb1,343,431
9.8981491749,sp|P04050|Rpb1,sp|P04050|Rpb1,343,431
10.3603429355,sp|P04050|Rpb1,sp|P04050|Rpb1,1217,1246
10.2922264429,sp|P04050|Rpb1,sp|P04050|Rpb1,689,705
8.3885801524,sp|P04050|Rpb1,sp|P04050|Rpb1,689,705
7.5614184639,sp|P04050|Rpb1,sp|P04050|Rpb1,689,705
10.0998211375,sp|P04050|Rpb1,sp|P04050|Rpb1,1093,1286
9.8275260562,sp|P04050|Rpb1,sp|P04050|Rpb1,1093,1286
10.0172115057,sp|P04050|Rpb1,sp|P04050|Rpb1,705,1286
10.0135851652,sp|P04050|Rpb1,sp|P04050|Rpb1,143,186
7.8278126774,sp|P04050|Rpb1,sp|P04050|Rpb1,143,186
6.9617617293,sp|P04050|Rpb1,sp|P04050|Rpb1,143,186
9.8430335574,sp|P04050|Rpb1,sp|P04050|Rpb1,1093,1112
9.6796531722,sp|P04050|Rpb1,sp|P04050|Rpb1,1093,1112
9.1942034873,sp|P04050|Rpb1,sp|P04050|Rpb1,1093,1112
8.8179391048,sp|P04050|Rpb1,sp|P04050|Rpb1,1093,1112
8.5030452349,sp|P04050|Rpb1,sp|P04050|Rpb1,1093,1112
8.1840838301,sp|P04050|Rpb1,sp|P04050|Rpb1,1093,1112
7.9485197834,sp|P04050|Rpb1,sp|P04050|Rpb1,1093,1112
9.5068356039,sp|P04050|Rpb1,sp|P04050|Rpb1,830,1102
9.3547095966,sp|P04050|Rpb1,sp|P04050|Rpb1,830,1102
9.2578177731,sp|P04050|Rpb1,sp|P04050|Rpb1,830,1102
9.4369233231,sp|P04050|Rpb1,sp|P04050|Rpb1,1093,1102
9.1708565916,sp|P04050|Rpb1,sp|P04050|Rpb1,372,403
7.4995624744,sp|P04050|Rpb1,sp|P04050|Rpb1,372,403
9.0685704389,sp|P04050|Rpb1,sp|P04050|Rpb1,1132,1205
8.1384116422,sp|P04050|Rpb1,sp|P04050|Rpb1,1132,1205
7.3855003583,sp|P04050|Rpb1,sp|P04050|Rpb1,1132,1205
8.9780592445,sp|P04050|Rpb1,sp|P04050|Rpb1,1102,1112
8.7706177933,sp|P04050|Rpb1,sp|P04050|Rpb1,1102,1112
8.3003776052,sp|P04050|Rpb1,sp|P04050|Rpb1,1102,1112
7.9153278187,sp|P04050|Rpb1,sp|P04050|Rpb1,1102,1112
8.5373977637,sp|P04050|Rpb1,sp|P04050|Rpb1,332,343
8.5063410439,sp|P04050|Rpb1,sp|P04050|Rpb1,1266,1266
8.448255103,sp|P04050|Rpb1,sp|P04050|Rpb1,1132,1286
6.9479472334,sp|P04050|Rpb1,sp|P04050|Rpb1,1132,1286
8.3679703933,sp|P04050|Rpb1,sp|P04050|Rpb1,461,644
8.3467613869,sp|P04050|Rpb1,sp|P04050|Rpb1,101,143
8.0903835171,sp|P04050|Rpb1,sp|P04050|Rpb1,101,143
8.2511097716,sp|P04050|Rpb1,sp|P04050|Rpb1,330,836
8.1570611349,sp|P04050|Rpb1,sp|P04050|Rpb1,705,1093
6.978737207,sp|P04050|Rpb1,sp|P04050|Rpb1,705,1093
8.049586734,sp|P04050|Rpb1,sp|P04050|Rpb1,323,330
7.8833199989,sp|P04050|Rpb1,sp|P04050|Rpb1,1093,1358
7.7354769291,sp|P04050|Rpb1,sp|P04050|Rpb1,323,332
7.5868368482,sp|P04050|Rpb1,sp|P04050|Rpb1,343,417
7.1073110003,sp|P04050|Rpb1,sp|P04050|Rpb1,129,143
6.6204483781,sp|P04050|Rpb1,sp|P04050|Rpb1,343,843
11.4546610174,sp|P08518|Rpb2,sp|P41895|Tfg1,606,72
9.9585212393,sp|P08518|Rpb2,sp|P41895|Tfg1,606,72
11.4101949222,sp|P08518|Rpb2,sp|P41895|Tfg1,606,89
9.3374845118,sp|P08518|Rpb2,sp|P41895|Tfg1,606,89
7.4007706737,sp|P08518|Rpb2,sp|P41895|Tfg1,606,89
11.1389020443,sp|P08518|Rpb2,sp|P41895|Tfg1,606,61
10.4264707849,sp|P08518|Rpb2,sp|P41895|Tfg1,606,61
9.9055443105,sp|P08518|Rpb2,sp|P41895|Tfg1,606,61
9.8628239003,sp|P08518|Rpb2,sp|P41895|Tfg1,606,61
8.1709290008,sp|P08518|Rpb2,sp|P41895|Tfg1,606,61
10.4809874796,sp|P08518|Rpb2,sp|P41895|Tfg1,270,411
6.976811755,sp|P08518|Rpb2,sp|P41895|Tfg1,270,411
10.2627822435,sp|P08518|Rpb2,sp|P41895|Tfg1,606,66
10.2527655552,sp|P08518|Rpb2,sp|P41895|Tfg1,87,340
9.9154860164,sp|P08518|Rpb2,sp|P41895|Tfg1,87,340
9.6789820366,sp|P08518|Rpb2,sp|P41895|Tfg1,87,340
9.6005714115,sp|P08518|Rpb2,sp|P41895|Tfg1,87,340
9.5478397939,sp|P08518|Rpb2,sp|P41895|Tfg1,87,340
9.0470818561,sp|P08518|Rpb2,sp|P41895|Tfg1,87,340
8.5251390423,sp|P08518|Rpb2,sp|P41895|Tfg1,87,340
8.499077089,sp|P08518|Rpb2,sp|P41895|Tfg1,87,340
8.1845326393,sp|P08518|Rpb2,sp|P41895|Tfg1,87,340
8.1087349108,sp|P08518|Rpb2,sp|P41895|Tfg1,87,340
10.2055073204,sp|P08518|Rpb2,sp|P41895|Tfg1,228,426
10.038465089,sp|P08518|Rpb2,sp|P41895|Tfg1,606,60
9.7645496139,sp|P08518|Rpb2,sp|P41895|Tfg1,606,60
9.1256224295,sp|P08518|Rpb2,sp|P41895|Tfg1,606,60
8.4326963435,sp|P08518|Rpb2,sp|P41895|Tfg1,606,60
9.9465358182,sp|P08518|Rpb2,sp|P41895|Tfg1,87,333
9.6338242037,sp|P08518|Rpb2,sp|P41895|Tfg1,87,333
8.5521428306,sp|P08518|Rpb2,sp|P41895|Tfg1,87,333
8.0186690987,sp|P08518|Rpb2,sp|P41895|Tfg1,87,333
7.8476298293,sp|P08518|Rpb2,sp|P41895|Tfg1,87,333
9.5759394881,sp|P08518|Rpb2,sp|P41895|Tfg1,277,416
9.4962897383,sp|P08518|Rpb2,sp|P41895|Tfg1,353,394
9.4275562018,sp|P08518|Rpb2,sp|P41895|Tfg1,275,415
7.9618529064,sp|P08518|Rpb2,sp|P41895|Tfg1,275,415
9.3546681889,sp|P08518|Rpb2,sp|P41895|Tfg1,358,340
9.1964983155,sp|P08518|Rpb2,sp|P41895|Tfg1,426,333
8.5908403427,sp|P08518|Rpb2,sp|P41895|Tfg1,426,333
8.9768451714,sp|P08518|Rpb2,sp|P41895|Tfg1,358,333
8.9281298283,sp|P08518|Rpb2,sp|P41895|Tfg1,270,527
8.592054313,sp|P08518|Rpb2,sp|P41895|Tfg1,270,416
6.4896414474,sp|P08518|Rpb2,sp|P41895|Tfg1,270,416
8.1736562589,sp|P08518|Rpb2,sp|P41895|Tfg1,88,340
6.6527466126,sp|P08518|Rpb2,sp|P41895|Tfg1,88,340
11.2851226619,sp|P41896|Tfg2,sp|P41896|Tfg2,296,359
9.3232693449,sp|P41896|Tfg2,sp|P41896|Tfg2,296,359
10.9097022672,sp|P41896|Tfg2,sp|P41896|Tfg2,249,279
10.4309083571,sp|P41896|Tfg2,sp|P41896|Tfg2,249,279
7.155044379,sp|P41896|Tfg2,sp|P41896|Tfg2,249,279
10.3578276326,sp|P41896|Tfg2,sp|P41896|Tfg2,279,357
9.9054194567,sp|P41896|Tfg2,sp|P41896|Tfg2,279,357
10.2316505334,sp|P41896|Tfg2,sp|P41896|Tfg2,80,279
9.8600415367,sp|P41896|Tfg2,sp|P41896|Tfg2,80,279
9.8008735811,sp|P41896|Tfg2,sp|P41896|Tfg2,80,245
9.7740992826,sp|P41896|Tfg2,sp|P41896|Tfg2,279,297
9.7059468094,sp|P41896|Tfg2,sp|P41896|Tfg2,279,297
8.4638239624,sp|P41896|Tfg2,sp|P41896|Tfg2,279,297
9.6510151427,sp|P41896|Tfg2,sp|P41896|Tfg2,297,335
9.5768364132,sp|P41896|Tfg2,sp|P41896|Tfg2,172,179
9.3907767719,sp|P41896|Tfg2,sp|P41896|Tfg2,245,279
9.2922048154,sp|P41896|Tfg2,sp|P41896|Tfg2,245,279
9.2717431747,sp|P41896|Tfg2,sp|P41896|Tfg2,335,359
9.1103343463,sp|P41896|Tfg2,sp|P41896|Tfg2,296,357
8.4693482277,sp|P41896|Tfg2,sp|P41896|Tfg2,279,286
8.2633975656,sp|P41896|Tfg2,sp|P41896|Tfg2,335,357
7.6980529931,sp|P41896|Tfg2,sp|P41896|Tfg2,186,206
7.4291038423,sp|P41896|Tfg2,sp|P41896|Tfg2,148,164
6.5028304178,sp|P41896|Tfg2,sp|P41896|Tfg2,142,147
5.7487967565,sp|P41896|Tfg2,sp|P41896|Tfg2,94,99
11.1809417219,sp|P41896|Tfg2,sp|P08518|Rpb2,245,606
11.0742152969,sp|P41896|Tfg2,sp|P08518|Rpb2,245,606
10.516770609,sp|P41896|Tfg2,sp|P08518|Rpb2,245,606
10.2268244699,sp|P41896|Tfg2,sp|P08518|Rpb2,245,606
10.0771402352,sp|P41896|Tfg2,sp|P08518|Rpb2,245,606
9.6572194891,sp|P41896|Tfg2,sp|P08518|Rpb2,245,606
9.2141548988,sp|P41896|Tfg2,sp|P08518|Rpb2,245,606
9.1731315582,sp|P41896|Tfg2,sp|P08518|Rpb2,245,606
8.9827134489,sp|P41896|Tfg2,sp|P08518|Rpb2,245,606
8.9118398377,sp|P41896|Tfg2,sp|P08518|Rpb2,245,606
8.3829068273,sp|P41896|Tfg2,sp|P08518|Rpb2,245,606
7.8644100175,sp|P41896|Tfg2,sp|P08518|Rpb2,245,606
7.7879067159,sp|P41896|Tfg2,sp|P08518|Rpb2,245,606
7.6422668082,sp|P41896|Tfg2,sp|P08518|Rpb2,245,606
7.4311738,sp|P41896|Tfg2,sp|P08518|Rpb2,245,606
10.4787133678,sp|P41896|Tfg2,sp|P08518|Rpb2,290,426
10.1278560111,sp|P41896|Tfg2,sp|P08518|Rpb2,279,865
7.4587012665,sp|P41896|Tfg2,sp|P08518|Rpb2,279,865
7.0213284844,sp|P41896|Tfg2,sp|P08518|Rpb2,279,865
10.0001957521,sp|P41896|Tfg2,sp|P08518|Rpb2,249,246
9.0649687966,sp|P41896|Tfg2,sp|P08518|Rpb2,249,246
8.8023741116,sp|P41896|Tfg2,sp|P08518|Rpb2,249,246
7.9742684209,sp|P41896|Tfg2,sp|P08518|Rpb2,249,246
9.7814644152,sp|P41896|Tfg2,sp|P08518|Rpb2,279,864
9.1063576236,sp|P41896|Tfg2,sp|P08518|Rpb2,279,864
8.2611945038,sp|P41896|Tfg2,sp|P08518|Rpb2,279,864
9.681800243,sp|P41896|Tfg2,sp|P08518|Rpb2,348,813
9.6496071303,sp|P41896|Tfg2,sp|P08518|Rpb2,245,246
9.6347822321,sp|P41896|Tfg2,sp|P08518|Rpb2,245,246
9.5948553275,sp|P41896|Tfg2,sp|P08518|Rpb2,245,246
9.1993210906,sp|P41896|Tfg2,sp|P08518|Rpb2,245,246
8.9278360116,sp|P41896|Tfg2,sp|P08518|Rpb2,245,246
8.6068255429,sp|P41896|Tfg2,sp|P08518|Rpb2,245,246
8.4420804863,sp|P41896|Tfg2,sp|P08518|Rpb2,245,246
7.8579005736,sp|P41896|Tfg2,sp|P08518|Rpb2,245,246
9.477112479,sp|P41896|Tfg2,sp|P08518|Rpb2,279,426
9.4422899578,sp|P41896|Tfg2,sp|P08518|Rpb2,357,864
9.1993667715,sp|P41896|Tfg2,sp|P08518|Rpb2,279,934
8.9386401303,sp|P41896|Tfg2,sp|P08518|Rpb2,206,344
7.0855093122,sp|P41896|Tfg2,sp|P08518|Rpb2,206,344
8.8544125613,sp|P41896|Tfg2,sp|P08518|Rpb2,279,191
7.9919702582,sp|P41896|Tfg2,sp|P08518|Rpb2,348,864
7.689819969,sp|P41896|Tfg2,sp|P08518|Rpb2,348,864
6.1883758779,sp|P41896|Tfg2,sp|P08518|Rpb2,348,864
7.7859200731,sp|P41896|Tfg2,sp|P08518|Rpb2,279,133
7.6377511209,sp|P41896|Tfg2,sp|P08518|Rpb2,290,865
7.5439741317,sp|P41896|Tfg2,sp|P08518|Rpb2,297,426
7.5213230388,sp|P41896|Tfg2,sp|P08518|Rpb2,348,426
11.1781869071,sp|P08518|Rpb2,sp|P04050|Rpb1,886,2
11.119892524,sp|P08518|Rpb2,sp|P04050|Rpb1,227,1093
10.5276570951,sp|P08518|Rpb2,sp|P04050|Rpb1,227,1093
9.3831542623,sp|P08518|Rpb2,sp|P04050|Rpb1,227,1093
8.7048577133,sp|P08518|Rpb2,sp|P04050|Rpb1,227,1093
8.2924788689,sp|P08518|Rpb2,sp|P04050|Rpb1,227,1093
8.136215422,sp|P08518|Rpb2,sp|P04050|Rpb1,227,1093
6.8228516152,sp|P08518|Rpb2,sp|P04050|Rpb1,227,1093
11.0324056749,sp|P08518|Rpb2,sp|P04050|Rpb1,507,332
10.0741439466,sp|P08518|Rpb2,sp|P04050|Rpb1,507,332
9.8920394204,sp|P08518|Rpb2,sp|P04050|Rpb1,507,332
9.6281181297,sp|P08518|Rpb2,sp|P04050|Rpb1,507,332
9.0675589134,sp|P08518|Rpb2,sp|P04050|Rpb1,507,332
10.6918267529,sp|P08518|Rpb2,sp|P04050|Rpb1,228,2
10.4961154363,sp|P08518|Rpb2,sp|P04050|Rpb1,934,2
9.5239478286,sp|P08518|Rpb2,sp|P04050|Rpb1,934,2
10.2327193769,sp|P08518|Rpb2,sp|P04050|Rpb1,507,1102
10.1537967738,sp|P08518|Rpb2,sp|P04050|Rpb1,934,343
10.0725956402,sp|P08518|Rpb2,sp|P04050|Rpb1,228,1093
10.0187210127,sp|P08518|Rpb2,sp|P04050|Rpb1,507,1093
8.3513435665,sp|P08518|Rpb2,sp|P04050|Rpb1,507,1093
9.8358835935,sp|P08518|Rpb2,sp|P04050|Rpb1,1148,2
9.7669787878,sp|P08518|Rpb2,sp|P04050|Rpb1,507,1112
9.0459941919,sp|P08518|Rpb2,sp|P04050|Rpb1,886,369
8.881272013,sp|P08518|Rpb2,sp|P04050|Rpb1,886,369
8.934317985,sp|P08518|Rpb2,sp|P04050|Rpb1,1102,343
8.621172967,sp|P08518|Rpb2,sp|P04050|Rpb1,1102,343
6.2987421417,sp|P08518|Rpb2,sp|P04050|Rpb1,1102,343
8.9303905562,sp|P08518|Rpb2,sp|P04050|Rpb1,1102,332
8.6695620735,sp|P08518|Rpb2,sp|P04050|Rpb1,471,324
7.8936924401,sp|P08518|Rpb2,sp|P04050|Rpb1,989,830
7.7801026669,sp|P08518|Rpb2,sp|P04050|Rpb1,1174,49
7.685420712,sp|P08518|Rpb2,sp|P04050|Rpb1,228,265
7.3779449105,sp|P08518|Rpb2,sp|P04050|Rpb1,987,343
7.2822215608,sp|P08518|Rpb2,sp|P04050|Rpb1,1102,403
7.0635416978,sp|P08518|Rpb2,sp|P04050|Rpb1,1102,403
6.9034237487,sp|P08518|Rpb2,sp|P04050|Rpb1,864,343
11.1351161003,sp|P20434|Rpb5,sp|P20434|Rpb5,171,201
7.8920545502,sp|P20434|Rpb5,sp|P20434|Rpb5,20,45
7.7885367397,sp|P20434|Rpb5,sp|P20434|Rpb5,20,45
7.4096819642,sp|P20434|Rpb5,sp|P20434|Rpb5,20,45
7.5255891949,sp|P20434|Rpb5,sp|P20434|Rpb5,161,171
7.2092251788,sp|P20434|Rpb5,sp|P20434|Rpb5,161,171
10.9677938309,sp|P20433|Rpb4,sp|P20433|Rpb4,60,142
9.7191448552,sp|P20433|Rpb4,sp|P20433|Rpb4,60,121
10.9233182293,sp|P16370|Rpb3,sp|P40422|Rpb12,149,37
10.9091540199,sp|P41896|Tfg2,sp|P16370|Rpb3,357,137
9.6944810714,sp|P41896|Tfg2,sp|P16370|Rpb3,357,137
9.7577877297,sp|P41896|Tfg2,sp|P16370|Rpb3,359,137
10.643482758,sp|P41896|Tfg2,sp|P41895|Tfg1,174,169
10.0415799618,sp|P41896|Tfg2,sp|P41895|Tfg1,103,89
9.8395726871,sp|P41896|Tfg2,sp|P41895|Tfg1,279,126
9.6373973261,sp|P41896|Tfg2,sp|P41895|Tfg1,357,426
9.2208733144,sp|P41896|Tfg2,sp|P41895|Tfg1,127,394
9.1368169047,sp|P41896|Tfg2,sp|P41895|Tfg1,245,60
7.2289148447,sp|P41896|Tfg2,sp|P41895|Tfg1,245,60
6.7435610385,sp|P41896|Tfg2,sp|P41895|Tfg1,245,60
8.6565281125,sp|P41896|Tfg2,sp|P41895|Tfg1,249,60
7.7297723569,sp|P41896|Tfg2,sp|P41895|Tfg1,235,61
7.5203053837,sp|P41896|Tfg2,sp|P41895|Tfg1,94,89
6.9850091534,sp|P41896|Tfg2,sp|P41895|Tfg1,94,89
7.4639941807,sp|P41896|Tfg2,sp|P41895|Tfg1,99,61
6.8034754966,sp|P41896|Tfg2,sp|P41895|Tfg1,245,394
6.343421961,sp|P41896|Tfg2,sp|P41895|Tfg1,279,108
10.5352716252,sp|P04050|Rpb1,sp|P20433|Rpb4,2,139
10.3223959963,sp|P04050|Rpb1,sp|P20433|Rpb4,2,139
10.5307573832,sp|P16370|Rpb3,sp|P16370|Rpb3,15,137
8.6446298364,sp|P16370|Rpb3,sp|P16370|Rpb3,165,253
8.5285320707,sp|P16370|Rpb3,sp|P16370|Rpb3,161,253
10.5275897473,sp|P35189|Tfg3,sp|P35189|Tfg3,181,240
8.2039059268,sp|P35189|Tfg3,sp|P35189|Tfg3,181,240
8.080990854,sp|P35189|Tfg3,sp|P35189|Tfg3,181,240
8.6923706249,sp|P35189|Tfg3,sp|P35189|Tfg3,166,240
7.9611925639,sp|P35189|Tfg3,sp|P35189|Tfg3,166,240
8.1649822023,sp|P35189|Tfg3,sp|P35189|Tfg3,166,181
7.3437145583,sp|P35189|Tfg3,sp|P35189|Tfg3,161,166
10.3255388955,sp|P08518|Rpb2,sp|P22139|Rpb10,813,59
9.1966674321,sp|P08518|Rpb2,sp|P22139|Rpb10,813,59
8.5384744147,sp|P08518|Rpb2,sp|P22139|Rpb10,813,59
7.2359624588,sp|P08518|Rpb2,sp|P22139|Rpb10,813,59
7.2124886957,sp|P08518|Rpb2,sp|P22139|Rpb10,813,59
7.0326528439,sp|P08518|Rpb2,sp|P22139|Rpb10,813,59
6.6689738587,sp|P08518|Rpb2,sp|P22139|Rpb10,191,68
10.1254747539,sp|P20434|Rpb5,sp|P20435|Rpb6,171,70
9.2469000831,sp|P20434|Rpb5,sp|P20435|Rpb6,171,67
10.0272715957,sp|P04050|Rpb1,sp|P27999|Rpb9,1246,20
8.6227355734,sp|P04050|Rpb1,sp|P27999|Rpb9,1246,20
8.0317430325,sp|P04050|Rpb1,sp|P27999|Rpb9,1246,20
9.8630121926,sp|P04050|Rpb1,sp|P27999|Rpb9,1262,20
9.8347001256,sp|P04050|Rpb1,sp|P27999|Rpb9,1262,44
9.9364111101,sp|P41896|Tfg2,sp|P04050|Rpb1,290,49
9.3442540446,sp|P41896|Tfg2,sp|P04050|Rpb1,297,49
8.510552709,sp|P41896|Tfg2,sp|P04050|Rpb1,357,34
6.9481721018,sp|P41896|Tfg2,sp|P04050|Rpb1,359,49
6.2683150537,sp|P41896|Tfg2,sp|P04050|Rpb1,279,49
9.6702899021,sp|P41895|Tfg1,sp|P27999|Rpb9,426,20
9.4512137545,sp|P41896|Tfg2,sp|P22139|Rpb10,348,59
8.4165926846,sp|P41896|Tfg2,sp|P22139|Rpb10,348,59
7.7759642742,sp|P41896|Tfg2,sp|P22139|Rpb10,279,68
7.4337962594,sp|P41896|Tfg2,sp|P22139|Rpb10,279,68
9.3472507947,sp|P41895|Tfg1,sp|P35189|Tfg3,614,166
8.5260240628,sp|P41895|Tfg1,sp|P35189|Tfg3,614,166
8.4147600822,sp|P41895|Tfg1,sp|P35189|Tfg3,614,166
8.0899714314,sp|P41895|Tfg1,sp|P35189|Tfg3,614,166
9.1772741035,sp|P08518|Rpb2,sp|P40422|Rpb12,865,58
8.0659029292,sp|P08518|Rpb2,sp|P40422|Rpb12,865,58
7.3340493584,sp|P08518|Rpb2,sp|P40422|Rpb12,865,58
8.6250495912,sp|P08518|Rpb2,sp|P40422|Rpb12,864,58
6.5824864146,sp|P08518|Rpb2,sp|P40422|Rpb12,864,58
8.9503085714,sp|P04050|Rpb1,sp|P38902|Rpb11,644,26
8.8502573381,sp|P04050|Rpb1,sp|P38902|Rpb11,644,26
8.7635041058,sp|P04050|Rpb1,sp|P38902|Rpb11,644,26
8.6821643837,sp|P04050|Rpb1,sp|P38902|Rpb11,644,26
8.626597327,sp|P04050|Rpb1,sp|P38902|Rpb11,644,26
8.4748818509,sp|P04050|Rpb1,sp|P38902|Rpb11,644,26
8.2721892316,sp|P04050|Rpb1,sp|P38902|Rpb11,644,26
8.0578133749,sp|P04050|Rpb1,sp|P38902|Rpb11,644,26
8.0489733947,sp|P04050|Rpb1,sp|P38902|Rpb11,644,26
8.0134289148,sp|P04050|Rpb1,sp|P38902|Rpb11,644,26
7.890294465,sp|P04050|Rpb1,sp|P38902|Rpb11,644,26
7.8583873942,sp|P04050|Rpb1,sp|P38902|Rpb11,644,26
7.79830768,sp|P04050|Rpb1,sp|P38902|Rpb11,644,26
7.7605718126,sp|P04050|Rpb1,sp|P38902|Rpb11,644,26
7.618290378,sp|P04050|Rpb1,sp|P38902|Rpb11,644,26
7.4551218049,sp|P04050|Rpb1,sp|P38902|Rpb11,644,26
7.440871732,sp|P04050|Rpb1,sp|P38902|Rpb11,644,26
8.1728900582,sp|P22139|Rpb10,sp|P22139|Rpb10,42,44
8.1227032351,sp|P22139|Rpb10,sp|P22139|Rpb10,42,44
8.0612879771,sp|P16370|Rpb3,sp|P22139|Rpb10,154,68
7.3073583203,sp|P16370|Rpb3,sp|P22139|Rpb10,154,68
7.0339765965,sp|P16370|Rpb3,sp|P22139|Rpb10,154,68
8.0318351356,sp|P04050|Rpb1,sp|P20436|Rpb8,977,136
7.7696496604,sp|P35189|Tfg3,sp|P04050|Rpb1,181,49
6.9879282791,sp|P35189|Tfg3,sp|P04050|Rpb1,181,34
6.5201052839,sp|P16370|Rpb3,sp|P38902|Rpb11,253,18
